Workbook

Sheet Instrucciones
A1: VALIDACIÓN A MANO · MOMENTO 09:40 · NQ / US100 · 60 sesiones seguidas de 2022
A3: Antes de empezar
A4: 1. Gráfico en HORA DE NUEVA YORK (no la de España ni UTC). Velas de 1 minuto.
A5: 2. Haz las 60 sesiones SEGUIDAS, sin saltarte ninguna, aunque el día 'no te guste'.
A6: 3. No mires el día siguiente antes de apuntar el resultado del actual.
A8: Cada día
A9: A. Apunta el CIERRE de la vela de las 09:09 (columna B).
A10: B. Apunta el CIERRE de la vela de las 09:39 (columna C).
A11: · La hoja te dice la dirección: 09:39 > 09:09 → LARGO · 09:39 < 09:09 → CORTO.
A12: C. Entrada a mercado en la APERTURA de la vela de las 09:40 (columna D).
A13: · La hoja calcula el stop (0,40% del precio) y el TP (el doble), columnas F-H.
A14: D. Avanza el replay hasta que pase una de tres cosas y elige en la columna I:
... A25: Cuando acabes, pásame el Excel y lo cruzo día a día con el backtest.

Sheet Operaciones
A1: Fecha | B1: Cierre 09:09 | C1: Cierre 09:39 | D1: Apertura 09:40 (entrada) | E1: Dirección | F1: Distancia stop (0,40%) | G1: Precio STOP | H1: Precio TP (2R) | I1: Resultado (TP/SL/CIERRE) | J1: Cierre 15:59 (si CIERRE) | K1: R | L1: Notas
A2: 44564 | E2: =IF(OR(B2="",C2=""),"",IF(C2>B2,"LARGO",IF(C2<B2,"CORTO","NADA"))) | F2: =IF(D2="","",ROUND(D2*0.004,2)) | G2: =IF(OR(D2="",E2="NADA"),"",IF(E2="LARGO",D2-F2,D2+F2)) | H2: =IF(OR(D2="",E2="NADA"),"",IF(E2="LARGO",D2+2*F2,D2-2*F2)) | K2: =IF(I2="TP",2,IF(I2="SL",-1,IF(AND(I2="CIERRE",J2<>""),ROUND(IF(E2="LARGO",J2-D2,D2-J2)/F2,3),"")))
A3: 44565 | E3: =IF(OR(B3="",C3=""),"",IF(C3>B3,"LARGO",IF(C3<B3,"CORTO","NADA"))) | F3: =IF(D3="","",ROUND(D3*0.004,2)) | G3: =IF(OR(D3="",E3="NADA"),"",IF(E3="LARGO",D3-F3,D3+F3)) | H3: =IF(OR(D3="",E3="NADA"),"",IF(E3="LARGO",D3+2*F3,D3-2*F3)) | K3: =IF(I3="TP",2,IF(I3="SL",-1,IF(AND(I3="CIERRE",J3<>""),ROUND(IF(E3="LARGO",J3-D3,D3-J3)/F3,3),"")))
A4: 44566 | E4: =IF(OR(B4="",C4=""),"",IF(C4>B4,"LARGO",IF(C4<B4,"CORTO","NADA"))) | F4: =IF(D4="","",ROUND(D4*0.004,2)) | G4: =IF(OR(D4="",E4="NADA"),"",IF(E4="LARGO",D4-F4,D4+F4)) | H4: =IF(OR(D4="",E4="NADA"),"",IF(E4="LARGO",D4+2*F4,D4-2*F4)) | K4: =IF(I4="TP",2,IF(I4="SL",-1,IF(AND(I4="CIERRE",J4<>""),ROUND(IF(E4="LARGO",J4-D4,D4-J4)/F4,3),"")))
A5: 44567 | E5: =IF(OR(B5="",C5=""),"",IF(C5>B5,"LARGO",IF(C5<B5,"CORTO","NADA"))) | F5: =IF(D5="","",ROUND(D5*0.004,2)) | G5: =IF(OR(D5="",E5="NADA"),"",IF(E5="LARGO",D5-F5,D5+F5)) | H5: =IF(OR(D5="",E5="NADA"),"",IF(E5="LARGO",D5+2*F5,D5-2*F5)) | K5: =IF(I5="TP",2,IF(I5="SL",-1,IF(AND(I5="CIERRE",J5<>""),ROUND(IF(E5="LARGO",J5-D5,D5-J5)/F5,3),"")))
A6: 44568 | E6: =IF(OR(B6="",C6=""),"",IF(C6>B6,"LARGO",IF(C6<B6,"CORTO","NADA"))) | F6: =IF(D6="","",ROUND(D6*0.004,2)) | G6: =IF(OR(D6="",E6="NADA"),"",IF(E6="LARGO",D6-F6,D6+F6)) | H6: =IF(OR(D6="",E6="NADA"),"",IF(E6="LARGO",D6+2*F6,D6-2*F6)) | K6: =IF(I6="TP",2,IF(I6="SL",-1,IF(AND(I6="CIERRE",J6<>""),ROUND(IF(E6="LARGO",J6-D6,D6-J6)/F6,3),"")))
A7: 44571 | E7: =IF(OR(B7="",C7=""),"",IF(C7>B7,"LARGO",IF(C7<B7,"CORTO","NADA"))) | F7: =IF(D7="","",ROUND(D7*0.004,2)) | G7: =IF(OR(D7="",E7="NADA"),"",IF(E7="LARGO",D7-F7,D7+F7)) | H7: =IF(OR(D7="",E7="NADA"),"",IF(E7="LARGO",D7+2*F7,D7-2*F7)) | K7: =IF(I7="TP",2,IF(I7="SL",-1,IF(AND(I7="CIERRE",J7<>""),ROUND(IF(E7="LARGO",J7-D7,D7-J7)/F7,3),"")))
A8: 44572 | E8: =IF(OR(B8="",C8=""),"",IF(C8>B8,"LARGO",IF(C8<B8,"CORTO","NADA"))) | F8: =IF(D8="","",ROUND(D8*0.004,2)) | G8: =IF(OR(D8="",E8="NADA"),"",IF(E8="LARGO",D8-F8,D8+F8)) | H8: =IF(OR(D8="",E8="NADA"),"",IF(E8="LARGO",D8+2*F8,D8-2*F8)) | K8: =IF(I8="TP",2,IF(I8="SL",-1,IF(AND(I8="CIERRE",J8<>""),ROUND(IF(E8="LARGO",J8-D8,D8-J8)/F8,3),"")))
A9: 44573 | E9: =IF(OR(B9="",C9=""),"",IF(C9>B9,"LARGO",IF(C9<B9,"CORTO","NADA"))) | F9: =IF(D9="","",ROUND(D9*0.004,2)) | G9: =IF(OR(D9="",E9="NADA"),"",IF(E9="LARGO",D9-F9,D9+F9)) | H9: =IF(OR(D9="",E9="NADA"),"",IF(E9="LARGO",D9+2*F9,D9-2*F9)) | K9: =IF(I9="TP",2,IF(I9="SL",-1,IF(AND(I9="CIERRE",J9<>""),ROUND(IF(E9="LARGO",J9-D9,D9-J9)/F9,3),"")))
A10: 44574 | E10: =IF(OR(B10="",C10=""),"",IF(C10>B10,"LARGO",IF(C10<B10,"CORTO","NADA"))) | F10: =IF(D10="","",ROUND(D10*0.004,2)) | G10: =IF(OR(D10="",E10="NADA"),"",IF(E10="LARGO",D10-F10,D10+F10)) | H10: =IF(OR(D10="",E10="NADA"),"",IF(E10="LARGO",D10+2*F10,D10-2*F10)) | K10: =IF(I10="TP",2,IF(I10="SL",-1,IF(AND(I10="CIERRE",J10<>""),ROUND(IF(E10="LARGO",J10-D10,D10-J10)/F10,3),"")))
A11: 44575 | E11: =IF(OR(B11="",C11=""),"",IF(C11>B11,"LARGO",IF(C11<B11,"CORTO","NADA"))) | F11: =IF(D11="","",ROUND(D11*0.004,2)) | G11: =IF(OR(D11="",E11="NADA"),"",IF(E11="LARGO",D11-F11,D11+F11)) | H11: =IF(OR(D11="",E11="NADA"),"",IF(E11="LARGO",D11+2*F11,D11-2*F11)) | K11: =IF(I11="TP",2,IF(I11="SL",-1,IF(AND(I11="CIERRE",J11<>""),ROUND(IF(E11="LARGO",J11-D11,D11-J11)/F11,3),"")))
A12: 44578 | E12: =IF(OR(B12="",C12=""),"",IF(C12>B12,"LARGO",IF(C12<B12,"CORTO","NADA"))) | F12: =IF(D12="","",ROUND(D12*0.004,2)) | G12: =IF(OR(D12="",E12="NADA"),"",IF(E12="LARGO",D12-F12,D12+F12)) | H12: =IF(OR(D12="",E12="NADA"),"",IF(E12="LARGO",D12+2*F12,D12-2*F12)) | K12: =IF(I12="TP",2,IF(I12="SL",-1,IF(AND(I12="CIERRE",J12<>""),ROUND(IF(E12="LARGO",J12-D12,D12-J12)/F12,3),"")))
A13: 44579 | E13: =IF(OR(B13="",C13=""),"",IF(C13>B13,"LARGO",IF(C13<B13,"CORTO","NADA"))) | F13: =IF(D13="","",ROUND(D13*0.004,2)) | G13: =IF(OR(D13="",E13="NADA"),"",IF(E13="LARGO",D13-F13,D13+F13)) | H13: =IF(OR(D13="",E13="NADA"),"",IF(E13="LARGO",D13+2*F13,D13-2*F13)) | K13: =IF(I13="TP",2,IF(I13="SL",-1,IF(AND(I13="CIERRE",J13<>""),ROUND(IF(E13="LARGO",J13-D13,D13-J13)/F13,3),"")))
... A61: 44645 | E61: =IF(OR(B61="",C61=""),"",IF(C61>B61,"LARGO",IF(C61<B61,"CORTO","NADA"))) | F61: =IF(D61="","",ROUND(D61*0.004,2)) | G61: =IF(OR(D61="",E61="NADA"),"",IF(E61="LARGO",D61-F61,D61+F61)) | H61: =IF(OR(D61="",E61="NADA"),"",IF(E61="LARGO",D61+2*F61,D61-2*F61)) | K61: =IF(I61="TP",2,IF(I61="SL",-1,IF(AND(I61="CIERRE",J61<>""),ROUND(IF(E61="LARGO",J61-D61,D61-J61)/F61,3),"")))

Sheet Resumen
A1: Días apuntados | B1: =COUNTA(Operaciones!I2:I61)
A2: TP | B2: =COUNTIF(Operaciones!I2:I61,"TP")
A3: SL | B3: =COUNTIF(Operaciones!I2:I61,"SL")
A4: Cierres 15:59 | B4: =COUNTIF(Operaciones!I2:I61,"CIERRE")
A5: R total (sin comisión) | B5: =SUM(Operaciones!K2:K61)
A6: R media por operación | B6: =IF(B1=0,"",B5/B1)
A7: Comisión aprox. (0,87 pts / stop medio) | B7: =IF(B1=0,"",B1*0.87/AVERAGE(Operaciones!F2:F61))
A8: R total con comisión | B8: =IF(B1=0,"",B5-B7)
A9: Esperado del backtest | B9: ≈ +5R en 60 días (rango normal −9R a +19R)
